Code,Country,FAO-GMIA,GRIPC,GIAM,Meier,X2
AF,Afghanistan,0.309885982,0.274785978,0.290465544,0.326188741,1000
AL,Albania,0.201765861,0.378780833,0.199177395,0.318744431,1000
DZ,Algeria,0.108752327,0.338709301,0.03362338,0.080396057,1000
AD,Andorra,0,,0,0,1000
AO,Angola,0.057913927,0,0,0.053111463,1000
AG,Antigua and Barbuda,0,0,0,0,1000
AR,Argentina,0.157247487,0.078679599,0.284116917,0.148853725,1000
AM,Armenia,0.202470437,0.484937112,0.265056814,0.198522731,1000
AW,Aruba,0,,0,0,1000
AU,Australia,0.262243859,0.323519438,0.389318735,0.177616054,1000
AT,Austria,0.299030937,0,0.084561129,0.298963416,1000
AZ,Azerbaijan,0.273215975,0.585581672,0.574475456,0.336402883,1000
BS,Bahamas,0,0,0,0,1000
BH,Bahrain,0,,0,0,1000
BD,Bangladesh,0.554628643,0.881015089,0.779139415,0.64324342,1000
BB,Barbados,0,0,0,0,1000
BY,Byelarus,0,0,0,0,1000
BE,Belgium,0,0,0.025425311,0,1000
BZ,Belize,0,0,0,0,1000
BJ,Benin,0,0,0,0,1000
BT,Bhutan,0,0,0,0,1000
BO,Bolivia,0.048933273,0.084661043,0.079551603,0.047038002,1000
BA,Bosnia and Herzegovina,0,0,0,0,1000
BW,Botswana,0,0,0,0,1000
BR,Brazil,0.041246274,0.124435105,0.13274994,0.03098266,1000
BN,Brunei,0,,0,0,1000
BG,Bulgaria,0.018739269,0.130188858,0.527062078,0.084956882,1000
BF,Burkina Faso,0,0,0,0,1000
BI,Burundi,0,0,0.34948762,0,1000
CI,Ivory Coast,0,0,0,0,1000
KH,Cambodia,0.13011512,0.261706445,0.150385405,0.12302762,1000
CM,Cameroon,0,0.068499399,0.098956404,0.171059343,1000
CA,Canada,0.250713517,0.236070715,0.235425718,0.256772764,1000
CF,Central African Republic,0,,0,0,1000
TD,Chad,0,0.426840041,0,0,1000
CL,Chile,0.383323632,0.286189257,0.289794014,0.343046543,1000
CN,China,0.319251733,0.58644873,0.710407598,0.441184945,1000
CO,Colombia,0.338096063,0,0.113314025,0.307040936,1000
KM,Comoros,0,0,0,0,1000
CG,Congo,0,0,0,0,1000
CD,Zaire,0,0,0,0,1000
CR,Costa Rica,0.098030315,0,0,0.103091075,1000
HR,Croatia,0,0,0,0,1000
CU,Cuba,0.153292493,0.393012077,0.414697819,0.143981815,1000
CY,Cyprus,0,0.067627341,0,0,1000
CZ,Czech Republic,0,0,0.046509874,0,1000
DK,Denmark,0.130630764,0.076481176,0.438589277,0.038798946,1000
DJ,Djibouti,0,0,0,0,1000
DM,Dominica,0,,0,0,1000
DO,Dominican Republic,0.176166889,0,0.125168973,0.103223853,1000
EC,Ecuador,0.197420982,0.163799491,0.284371457,0.132499861,1000
EG,Egypt,0.808693688,0.800478722,0.73301142,0.817457142,1000
SV,El Salvador,0.089249871,0,0.273463503,0.091563271,1000
GQ,Equatorial Guinea,0,0,0,0,1000
ER,Eritrea,0,0,0.264501452,0,1000
EE,Estonia,0,0,0,0,1000
SZ,Swaziland,0.160767373,0,0.481660438,0,1000
ET,Ethiopia,0.053546475,0.032718995,0,0.135399076,1000
FJ,Fiji,0,0,0,0,1000
FI,Finland,0,,0,0,1000
FR,France,0.105284194,0.271573411,0.220610484,0.121868894,1000
GA,Gabon,0,0,0,0,1000
GM,Gambia,0,0,0.115216959,0,1000
GE,Georgia,0.067684101,0.418869311,0.066548894,0.09074835,1000
DE,Germany,0.076525737,0.045179386,0.129055885,0.046063739,1000
GH,Ghana,0,0,0,0,1000
GR,Greece,0.402423327,0.433799825,0.472792191,0.376236309,1000
GD,Grenada,0,,0,0,1000
GT,Guatemala,0,0,0.547577425,0,1000
GN,Guinea,0,0,0.295266476,0,1000
GW,Guinea-Bissau,0,0,0,0,1000
GY,Guyana,0,0.158821243,0.245602635,0,1000
HT,Haiti,0.21073221,0.065829686,0.091344374,0.204489841,1000
HN,Honduras,0,0,0.057918904,0,1000
HU,Hungary,0.026310878,0,0.303478443,0.024354328,1000
IS,Iceland,0,0,0,0,1000
IN,India,0.549298589,0.80409405,0.616060056,0.696548653,1000
ID,Indonesia,0.239046414,0.258971391,0.170111795,0.204156512,1000
IR,Iran,0.219491714,0.357363871,0.328902873,0.243637474,1000
IQ,Iraq,0.638814671,0.456121459,0.812664823,0.632196286,1000
IE,Ireland,0,0,0,0,1000
IL,Israel,0.0220855,0.71045224,0.525815719,0.085976374,1000
IT,Italy,0.42916102,0.633478737,0.548991087,0.390194938,1000
JM,Jamaica,0,0,0,0,1000
JP,Japan,0.168966334,0.170289463,0.401240099,0.072378855,1000
JO,Jordan,0,0.671698498,0.234696865,0.045806227,1000
KZ,Kazakhstan,0.397952246,0.221896356,0.293714055,0.607866679,1000
KE,Kenya,0,0,0,0.094534178,1000
KI,Kiribati,0,0,0,0,1000
KW,Kuwait,0,0,0,0,1000
KG,Kyrgyzstan,0.409051323,0.225451436,0.246849096,0.397413984,1000
LA,Laos,0,0,0,0,1000
LV,Latvia,0,0,0,0,1000
LB,Lebanon,0.215475591,0.387251694,0.297839391,0.234675955,1000
LS,Lesotho,0,0,0,0,1000
LR,Liberia,0,0,0,0,1000
LY,Libya,0.254617327,0.531761433,0.678954066,0.194168983,1000
LI,Liechtenstein,0,,0,0,1000
LT,Lithuania,0,0,0,0,1000
LU,Luxembourg,0,,0,0,1000
MG,Madagascar,0.045474432,0,0.151924921,0.032570178,1000
MW,Malawi,0.099834696,0,0,0.081368775,1000
MY,Malaysia,0.026912017,0.063654611,0.237576884,0.013228196,1000
ML,Mali,0.044881337,0,0.213368055,0.036461235,1000
MT,Malta,0,0,0,0,1000
MH,Marshall Islands,0,,,0,1000
MR,Mauritania,0,0,0,0,1000
MU,Mauritius,0,0.259063941,0,0,1000
MX,Mexico,0.328992715,0.454306985,0.405555135,0.3434689,1000
FM,Micronesia,0,,0,0,1000
MD,Moldova,0.230105416,0.105022107,0.27684713,0.212828591,1000
MN,Mongolia,0,0,0.021973517,0.130408292,1000
ME,Montenegro,0,0,0,0,1000
MA,Morocco,0.51403291,0.493235088,0.397071839,0.482993035,1000
MZ,Mozambique,0.245038131,0,0.101005987,0.221053824,1000
MM,Burma,0.093133412,0.212414111,0.64171334,0.4985335,1000
,Namibia,0,0,0,0,1000
NP,Nepal,0.13540682,0.444613592,0.687976137,0.472914187,1000
NL,Netherlands,0.046008512,0,0.463647371,0.020816588,1000
NZ,New Zealand,0,0.314960743,0.234855957,0,1000
NI,Nicaragua,0,0,0,0,1000
NE,Niger,0,0,0,0,1000
NG,Nigeria,0.05303075,0.337238523,0.093562063,0.118095335,1000
KP,North Korea,0.244158958,0.212948761,0.561948046,0.21025733,1000
MK,Macedonia,0.198214419,0.14499739,0.19106031,0.280826289,1000
NO,Norway,0,0,0,0,1000
OM,Oman,0,0,0,0,1000
PK,Pakistan,0.830312928,0.857050786,0.879299959,0.860231737,1000
PW,Palau,0,,0,0,1000
PS,Palestinian Territory,0,0.275893885,0,0,1000
PA,Panama,0,0,0,0,1000
PG,Papua New Guinea,0,0,0,0,1000
PY,Paraguay,0,0.244060337,0,0,1000
PE,Peru,0.099987414,0.070424676,0.251966094,0.083185603,1000
PH,Philippines,0.208659385,0.189256469,0.469930269,0.161339667,1000
PL,Poland,0,0,0.032818454,0,1000
PT,Portugal,0.025982906,0.258768029,0.128754535,0.039203247,1000
QA,Qatar,0,0,0,0,1000
RO,Romania,0.587955288,0.194572411,0.671747053,0.574655686,1000
RU,Russia,0.240848138,0.350842908,0.322533993,0.258496832,1000
RW,Rwanda,0,0,0,0,1000
KN,Saint Kitts and Nevis,0,0,0,0,1000
LC,Saint Lucia,0,,0,0,1000
VC,Saint Vincent and the Grenadines,0,,0,0,1000
WS,Samoa,0,,0,0,1000
SM,San Marino,0,0,0,0,1000
ST,Sao Tome and Principe,0,0,0,0,1000
SA,Saudi Arabia,0.13338002,0.268854377,0.456527156,0.19515597,1000
SN,Senegal,0.046145274,0,0.284954657,0.043257718,1000
RS,Serbia,0,0,0.150021621,0.033020829,1000
SC,Seychelles,0,0,0,0,1000
SL,Sierra Leone,0,0,0,0,1000
SG,Singapore,0,0,0,0,1000
SK,Slovakia,0.486491466,0,0.413690281,0.494127444,1000
SI,Slovenia,0,0,0,0,1000
SB,Solomon Islands,0,0,0,0,1000
SO,Somalia,0.021866817,0,0.289494036,0.240537734,1000
ZA,South Africa,0.109302166,0.068054587,0.210208286,0.098079936,1000
KR,South Korea,0,0.243203282,0.518407952,0,1000
SS,South Sudan,0,0,0,0,1000
ES,Spain,0.284519602,0.512136472,0.358449564,0.271259632,1000
LK,Sri Lanka,0.070015373,0.145055104,0.272282781,0.063458698,1000
SD,Sudan,0.60841321,0.484603166,0.558394646,0.614571802,1000
SR,Suriname,0.595228241,0,0,0.61472688,1000
SE,Sweden,0,0,0.085983814,0,1000
CH,Switzerland,0,0,0,0,1000
SY,Syria,0.144942861,0.634440553,0.509073171,0.189601469,1000
TJ,Tajikistan,0.572190574,0.406045073,0.386557248,0.545077976,1000
TZ,Tanzania,0.024192436,0,0,0.025914748,1000
TH,Thailand,0.432124596,0.324005891,0.430023942,0.462573778,1000
TL,Timor-Leste,0,0,0,0,1000
TG,Togo,0,0,0,0,1000
TO,Tonga,0,0,0,0,1000
TT,Trinidad ,0,0,0,0,1000
TN,Tunisia,0.189262731,0.293827911,0.521797947,0.185351909,1000
TR,Turkey,0.24946889,0.500106591,0.296691835,0.266747439,1000
TM,Turkmenistan,0.593903217,0.431812623,0.645556523,0.785296102,1000
UG,Uganda,0,0,0,0,1000
UA,Ukraine,0.349097246,0.270570875,0.429199286,0.337845227,1000
AE,United Arab Emirates,0.075724387,0,0.238144784,0.054428596,1000
GB,United Kingdom,0,0,0.272361634,0,1000
US,United States,0.30805478,0.517188141,0.5029842,0.309610119,1000
UY,Uruguay,0,0.113023198,0.025204847,0,1000
UZ,Uzbekistan,0.717581718,0.709951771,0.724558837,0.844269585,1000
VU,Vanuatu,0,0,0,0,1000
VE,Venezuela,0.093864275,0.061300312,0.052779611,0.074374206,1000
VN,Vietnam,0.463662816,0.450590379,0.606934507,0.489681536,1000
YE,Yemen,0.185606815,0.050555018,0.043995108,0.2975829,1000
ZM,Zambia,0.032676768,0,0,0,1000
ZW,Zimbabwe,0,0,0,0.02162284,1000